<project name="composure-hx" url="http://github.com/TomByrne/composure-hx" license="GPL">
    <user name="tbyrne"/>
    <tag v="cross"/>
    <tag v="utility"/>
    <tag v="composition"/>
    <tag v="pattern"/>
    <tag v="dependency"/>
    <tag v="injection"/>
    <description>A haxe library to assist coding in a composition paradigm</description>
    <version name="0.32">Switched from event.Dispatcher to hsl.haxe.Signaler for events.</version>

    <depends name="hsl-1"/>
</project>