<project name="composure-hx" url="http://github.com/TomByrne/composure-hx" license="GPL">
    <user name="tbyrne"/>
    <tag v="cross"/>
    <tag v="utility"/>
    <tag v="composition"/>
    <tag v="pattern"/>
    <tag v="dependency"/>
    <tag v="injection"/>
    <description><![CDATA[A haxe library to assist coding in a composition design pattern. The library also allows for dependency injection via metadata.<br/><a href='http://www.tbyrne.org/introducing-composure-for-haxe-with-dependency-injection'>Intro to Composure - with Hello World</a>]]></description>
    <version name="0.41">Refactored Concerns to Injectors</version>

    <depends name="hsl-1"/>
</project>