<project name="composure-hx" url="http://github.com/TomByrne/composure-hx" license="GPL">
    <user name="tbyrne"/>
    <tag v="cross"/>
    <tag v="utility"/>
    <tag v="composition"/>
    <tag v="pattern"/>
    <tag v="dependency"/>
    <tag v="injection"/>
    <description><![CDATA[A haxe library to assist coding in a composition design pattern. The library also allows for dependency injection via metadata.<br/><a href='http://www.tbyrne.org/introducing-composure-for-haxe-with-dependency-injection' target='_blank'>Intro to Composure - with Hello World</a><br/><a href='http://github.com/TomByrne/composure-hx/wiki' target='_blank'>Composure Wiki</a><br/><a href='http://github.com/TomByrne/composure-hx/wiki/Documentation---All-Classes' target='_blank'>Generated Documentation</a>]]></description>
    <version name="0.7"><![CDATA[Changed to a different implementation of ObjectHash (which is compatible with Android)<br/>Refactored IndexedList to UniqueList, which is now faster and uses FastList/List internally.]]></version>

    <depends name="hsl-1"/>
</project>