<project name="composure-hx" url="http://github.com/TomByrne/composure-hx" license="GPL">
    <user name="tbyrne"/>
    <tag v="cross"/>
    <tag v="utility"/>
    <tag v="composition"/>
    <tag v="pattern"/>
    <tag v="dependency"/>
    <tag v="injection"/>
    <description>A haxe library to assist coding in a composition paradigm</description>
    <version name="0.31">Added metadata dependency injection by property (using @inject) or by method (using @injectAdd and @injectRemove).</version>
</project>