<project name="composure-hx" url="http://github.com/TomByrne/composure-hx" license="GPL">
    <user name="tbyrne"/>
    <tag v="cross"/>
    <tag v="utility"/>
    <tag v="composition"/>
    <tag v="pattern"/>
    <tag v="dependency"/>
    <tag v="injection"/>
    <description><![CDATA[A haxe library to assist coding in a composition design pattern. The library also allows for dependency injection via metadata.<br/><a href='http://www.tbyrne.org/introducing-composure-for-haxe-with-dependency-injection' target='_blank'>Intro to Composure - with Hello World</a><br/><a href='http://github.com/TomByrne/composure-hx/wiki' target='_blank'>Composure Wiki</a><br/><a href='http://github.com/TomByrne/composure-hx/wiki/Documentation---All-Classes' target='_blank'>Generated Documentation</a>]]></description>
    <version name="0.9"><![CDATA[UniqueList now uses FastList for all targets (different ordering was causing depth ordering issues)<br/>
Injectors now accept EnumValue objects as interestedTraitType<br/>
Resolved logging issues when debugging on non-flash targets<br/>
Added 'universal/uni' access to injectors<br/>
Fixed internal issue in TraitCollection which meant incorrect item references where being passed to injectors/marriers]]></version>

    <depends name="msignal"/>
</project>