<project name="composure-hx" url="http://github.com/TomByrne/composure-hx" license="GPL">
    <user name="tbyrne"/>
    <tag v="cross"/>
    <tag v="utility"/>
    <tag v="composition"/>
    <tag v="pattern"/>
    <tag v="dependency"/>
    <tag v="injection"/>
    <description>A haxe library to assist coding in a composition design pattern. The library also allows for dependency injection via metadata.</description>
    <version name="0.4">Now allows non-ITrait classes to use @inject metadata (with @build metadata).</version>

    <depends name="hsl-1"/>
</project>